-- Sample Data for E-commerce Application

-- Users
-- Note: Passwords are now stored as plaintext for development purposes ONLY - NOT SECURE FOR PRODUCTION
INSERT INTO users (user_id, first_name, last_name, email, phone_number, password_hash, role, created_at, stripe_customer_id, is_banned, banned_at, ban_reason, avatar_url)
VALUES
(1, 'john', 'doe', 'admin@example.com', '1234567890', 'password', 'ROLE_ADMIN', NOW(), 'cus_admin123', false, NULL, NULL, 'https://randomuser.me/api/portraits/men/1.jpg'),
(2, 'jane', 'doe', 'seller@example.com', '0987654321', 'password', 'ROLE_SELLER', NOW(), 'cus_seller123', false, NULL, NULL, 'https://randomuser.me/api/portraits/women/1.jpg'),
(3, 'alice', 'henderson', 'customer@example.com', '1122334455', 'password', 'ROLE_CUSTOMER', NOW(), 'cus_cust123', false, NULL, NULL, 'https://randomuser.me/api/portraits/women/2.jpg'),
(4, 'bob', 'sanders', 'seller2@example.com', '5544332211', 'password', 'ROLE_SELLER', NOW(), 'cus_seller456', false, NULL, NULL, 'https://randomuser.me/api/portraits/men/2.jpg'),
(5, 'charlie', 'yılmaz', 'customer2@example.com', '6677889900', 'password', 'ROLE_CUSTOMER', NOW(), 'cus_cust456', false, NULL, NULL, 'https://randomuser.me/api/portraits/men/3.jpg');

-- Categories from category_tree.csv
INSERT INTO categories (category_id, name, parent_category_id) VALUES
(1, 'Electronics', NULL),
(2, 'Mobile Phones', 1),
(3, 'Smartphones', 2),
(4, 'Feature Phones', 2),
(5, 'Phone Accessories', 2),
(6, 'Computers & Tablets', 1),
(7, 'Laptops', 6),
(8, 'Desktops', 6),
(9, 'Tablets', 6),
(10, 'Computer Components (RAM, SSD, GPU)', 6),
(11, 'Computer Accessories (Mice, Keyboards, Webcams)', 6),
(12, 'TV, Audio & Video', 1),
(13, 'Televisions', 12),
(14, 'Headphones & Earphones', 12),
(15, 'Speakers', 12),
(16, 'Soundbars', 12),
(17, 'Projectors', 12),
(18, 'Cameras & Photography', 1),
(19, 'Digital Cameras', 18),
(20, 'Lenses', 18),
(21, 'Drones', 18),
(22, 'Camera Accessories', 18),
(23, 'Gaming', 1),
(24, 'Gaming Consoles', 23),
(25, 'Games', 23),
(26, 'Gaming Accessories', 23),
(27, 'Smart Home', 1),
(28, 'Smart Lights', 27),
(29, 'Smart Assistants (Alexa, Google Home)', 27),
(30, 'Smart Security (Cameras, Locks)', 27),
(31, 'Fashion', NULL),
(32, 'Women', 31),
(33, 'Clothing (Dresses, Tops, Pants, Jackets)', 32),
(34, 'Shoes (Heels, Sneakers, Boots)', 32),
(35, 'Bags & Wallets', 32),
(36, 'Accessories (Scarves, Belts, Hats)', 32),
(37, 'Men', 31),
(38, 'Clothing (Shirts, Pants, Suits, Jackets)', 37),
(39, 'Shoes (Formal, Casual, Sneakers)', 37),
(40, 'Bags & Wallets', 37),
(41, 'Accessories (Ties, Belts, Hats)', 37),
(42, 'Kids', 31),
(43, 'Clothing', 42),
(44, 'Shoes', 42),
(45, 'Accessories', 42),
(46, 'Home, Furniture & Kitchen', NULL),
(47, 'Furniture', 46),
(48, 'Living Room Furniture', 47),
(49, 'Bedroom Furniture', 47),
(50, 'Office Furniture', 47),
(51, 'Home Decor', 46),
(52, 'Lighting', 51),
(53, 'Wall Art', 51),
(54, 'Rugs & Carpets', 51),
(55, 'Curtains', 51),
(56, 'Kitchen & Dining', 46),
(57, 'Cookware', 56),
(58, 'Tableware', 56),
(59, 'Kitchen Appliances', 56),
(60, 'Bedding', 46),
(61, 'Bed Sheets', 60),
(62, 'Pillows', 60),
(63, 'Comforters', 60),
(64, 'Storage & Organization', 46),
(65, 'Wardrobes', 64),
(66, 'Shelves', 64),
(67, 'Organizers', 64),
(68, 'Beauty & Personal Care', NULL),
(69, 'Makeup', 68),
(70, 'Skincare', 68),
(71, 'Hair Care', 68),
(72, 'Fragrances', 68),
(73, 'Tools & Accessories (Hair Dryers, Straighteners)', 68),
(74, 'Men''s Grooming', 68),
(75, 'Sports, Outdoors & Fitness', NULL),
(76, 'Exercise & Fitness', 75),
(77, 'Treadmills', 76),
(78, 'Dumbbells', 76),
(79, 'Yoga Mats', 76),
(80, 'Outdoor Recreation', 75),
(81, 'Camping & Hiking Gear', 80),
(82, 'Bicycles', 80),
(83, 'Sportswear', 75),
(84, 'Clothing', 83),
(85, 'Footwear', 83),
(86, 'Team Sports', 75),
(87, 'Football', 86),
(88, 'Basketball', 86),
(89, 'Tennis', 86),
(90, 'Baby, Toys & Kids', NULL),
(91, 'Baby Products', 90),
(92, 'Strollers', 91),
(93, 'Car Seats', 91),
(94, 'Baby Care', 91),
(95, 'Toys', 90),
(96, 'Educational Toys', 95),
(97, 'Action Figures', 95),
(98, 'Dolls', 95),
(99, 'Board Games', 95),
(100, 'Puzzles', 95),
(101, 'Kids'' Furniture', 90),
(102, 'Health & Wellness', NULL),
(103, 'Vitamins & Supplements', 102),
(104, 'Medical Supplies', 102),
(105, 'Personal Care', 102),
(106, 'Sexual Wellness', 102),
(107, 'First Aid', 102),
(108, 'Automotive', NULL),
(109, 'Car Accessories', 108),
(110, 'Seat Covers', 109),
(111, 'Dash Cams', 109),
(112, 'Motorcycle Accessories', 108),
(113, 'Car Electronics (GPS, Alarms)', 108),
(114, 'Tires & Wheels', 108),
(115, 'Tools & Equipment', 108),
(116, 'Grocery & Food', NULL),
(117, 'Fresh Produce', 116),
(118, 'Packaged Foods', 116),
(119, 'Beverages', 116),
(120, 'Snacks', 116),
(121, 'Organic & Health Foods', 116),
(122, 'Household Essentials (Detergents, Cleaners)', 116),
(123, 'Books, Movies & Music', NULL),
(124, 'Books', 123),
(125, 'Fiction', 124),
(126, 'Non-Fiction', 124),
(127, 'Educational', 124),
(128, 'Movies & TV Shows', 123),
(129, 'Music', 123),
(130, 'CDs & Vinyl', 129),
(131, 'Musical Instruments', 129),
(132, 'Office Products', NULL),
(133, 'Office Supplies', 132),
(134, 'Stationery', 133),
(135, 'Printers & Ink', 133),
(136, 'Office Furniture', 132),
(137, 'Business Technology', 132),
(138, 'Projectors', 137),
(139, 'Office Phones', 137),
(140, 'Pet Supplies', NULL),
(141, 'Dog Supplies', 140),
(142, 'Cat Supplies', 140),
(143, 'Bird Supplies', 140),
(144, 'Fish & Aquatic Pets', 140),
(145, 'Pet Food', 140),
(146, 'Pet Toys & Accessories', 140),
(147, 'Jewelry & Watches', NULL),
(148, 'Women''s Jewelry', 147),
(149, 'Men''s Jewelry', 147),
(150, 'Watches', 147),
(151, 'Men''s Watches', 150),
(152, 'Women''s Watches', 150),
(153, 'Fine Jewelry', 147),
(154, 'Fashion Jewelry', 147),
(155, 'Industrial & Scientific', NULL),
(156, 'Lab & Scientific Products', 155),
(157, 'Industrial Supplies', 155),
(158, 'Safety Supplies', 155),
(159, 'Tools & Instruments', 155),
(160, 'Travel & Luggage', NULL),
(161, 'Suitcases', 160),
(162, 'Backpacks', 160),
(163, 'Travel Accessories', 160),
(164, 'Travel-sized Essentials', 160);

-- Stores
INSERT INTO stores (store_id, seller_id, store_name, description, created_at, average_rating, total_sales, is_banned, banned_date, ban_reason, email, bank_name, account_holder, account_number, street, city, state, postal_code, country)
VALUES
(1, 2, 'Tech Haven', 'Your one-stop shop for the latest electronics and gadgets', NOW(), 4.7, 250, false, NULL, NULL, 'techhaven@example.com', 'Global Bank', 'Jane Seller', '1234567890', '123 Tech Street', 'Silicon Valley', 'CA', '94043', 'USA'),
(2, 4, 'Fashion Forward', 'Trendy clothes for all seasons', NOW(), 4.3, 180, false, NULL, NULL, 'fashionforward@example.com', 'City Bank', 'Bob Seller', '0987654321', '456 Fashion Avenue', 'New York', 'NY', '10001', 'USA');

-- Products from products.csv
INSERT INTO products (product_id, store_id, category_id, name, description, price, stock_quantity, average_rating, rating_count, total_rating, total_sales)
VALUES
(1001, 2, 3, 'iPhone 14 Pro', 'Latest iPhone with advanced camera system Brand: Apple', 999.99, 50, 4.8, 24, 115, 35),
(1002, 2, 3, 'Samsung Galaxy S23', 'Premium Android smartphone Brand: Samsung', 899.99, 45, 4.6, 42, 193, 75),
(1003, 1, 7, 'MacBook Pro 14-inch', 'Powerful laptop for professionals Brand: Apple', 1499.99, 30, 4.9, 18, 88, 25),
(1004, 2, 7, 'Dell XPS 13', 'Ultra-portable premium laptop Brand: Dell', 1299.99, 25, 4.7, 15, 71, 20),
(1005, 2, 13, '65-inch 4K OLED TV', 'Premium OLED Smart TV Brand: LG', 1999.99, 20, 4.8, 12, 58, 15),
(1006, 2, 14, 'Noise Cancelling Headphones', 'Premium wireless headphones Brand: Sony', 349.99, 45, 4.7, 28, 132, 40),
(2001, 1, 33, 'Summer Floral Dress', 'Light and breezy summer dress with floral pattern Brand: Zara', 79.99, 100, 4.5, 35, 158, 80),
(2002, 1, 33, 'High-Waist Jeans', 'Classic high-waist denim jeans Brand: Levis', 89.99, 80, 4.6, 42, 193, 65),
(2003, 1, 33, 'Classic White Shirt', 'Formal cotton shirt for men Brand: Hugo Boss', 49.99, 120, 4.4, 28, 123, 95),
(2004, 1, 33, 'Slim Fit Blazer', 'Professional blazer for modern men Brand: Calvin Klein', 199.99, 60, 4.7, 15, 71, 45),
(2005, 1, 34, 'Designer High Heels', 'Elegant evening heels Brand: Jimmy Choo', 299.99, 30, 4.8, 22, 106, 25),
(2006, 2, 39, 'Leather Oxford Shoes', 'Classic formal shoes Brand: Cole Haan', 249.99, 40, 4.6, 18, 83, 35),
(3001, 1, 48, '3-Seater Sofa', 'Comfortable modern sofa Brand: IKEA', 899.99, 20, 4.7, 15, 71, 12),
(3002, 1, 48, 'Coffee Table', 'Minimalist wooden coffee table Brand: West Elm', 299.99, 30, 4.5, 22, 99, 25),
(3003, 1, 52, 'Modern Pendant Light', 'Contemporary ceiling light Brand: Philips', 199.99, 40, 4.6, 18, 83, 30),
(3004, 1, 53, 'Abstract Canvas Set', 'Set of 3 canvas prints Brand: Art Gallery', 149.99, 25, 4.4, 15, 66, 20),
(3005, 1, 57, 'Non-stick Pan Set', 'Premium cookware set Brand: Le Creuset', 199.99, 35, 4.8, 28, 134, 25),
(3006, 1, 58, 'Porcelain Dinner Set', '16-piece dining set Brand: Royal Doulton', 149.99, 50, 4.7, 22, 103, 35),
(4001, 2, 69, 'MAC Lipstick Collection', 'Long-lasting matte lipstick Brand: MAC', 24.99, 200, 4.6, 45, 207, 150),
(4002, 1, 69, 'Foundation SPF 30', 'Full coverage liquid foundation Brand: Estee Lauder', 39.99, 150, 4.5, 38, 171, 120),
(4003, 1, 70, 'Vitamin C Serum', 'Brightening face serum Brand: The Ordinary', 59.99, 100, 4.7, 42, 197, 80),
(4004, 2, 70, 'Night Cream', 'Hydrating night cream Brand: Neutrogena', 49.99, 80, 4.4, 35, 154, 60),
(4007, 2, 72, 'Designer Perfume', 'Luxury women''s fragrance Brand: Chanel', 129.99, 60, 4.8, 28, 134, 45),
(4008, 2, 73, 'Makeup Brush Set', 'Professional makeup brushes Brand: MAC', 79.99, 100, 4.6, 35, 161, 75),
(5001, 2, 77, 'Pro Treadmill T1000', 'Professional grade treadmill Brand: NordicTrack', 1299.99, 15, 4.7, 18, 85, 10),
(5002, 2, 78, 'Adjustable Dumbbell Set', '20kg adjustable dumbbell set Brand: Bowflex', 299.99, 50, 4.6, 25, 115, 35),
(5005, 1, 84, 'Men''s Running Jacket', 'Lightweight running jacket Brand: Nike', 89.99, 75, 4.5, 32, 144, 60),
(5006, 1, 85, 'Women''s Training Shoes', 'Cross-training athletic shoes Brand: Adidas', 129.99, 60, 4.7, 28, 131, 45),
(6001, 1, 92, 'Premium Travel Stroller', 'Lightweight travel stroller Brand: UPPAbaby', 399.99, 30, 4.8, 22, 106, 20),
(6002, 2, 93, 'Convertible Car Seat', '4-in-1 convertible car seat Brand: Graco', 299.99, 40, 4.6, 18, 83, 30),
(6003, 1, 96, 'Science Kit', 'Educational science experiment kit Brand: National Geographic', 49.99, 100, 4.5, 35, 158, 80),
(6004, 2, 97, 'Superhero Action Figure Set', 'Collection of popular superheroes Brand: Marvel', 29.99, 150, 4.7, 42, 197, 120),
(6005, 1, 98, 'Interactive Baby Doll', 'Educational baby doll with accessories Brand: Mattel', 39.99, 80, 4.4, 28, 123, 60),
(6006, 1, 99, 'Family Board Game Set', 'Classic board game collection Brand: Hasbro', 49.99, 70, 4.6, 32, 147, 55),
(7001, 1, 103, 'Multivitamin Complex', 'Daily multivitamin supplements Brand: NOW Foods', 34.99, 200, 4.5, 45, 203, 150),
(7002, 2, 104, 'First Aid Kit', 'Comprehensive first aid kit Brand: Johnson & Johnson', 49.99, 120, 4.7, 35, 165, 90),
(7003, 2, 105, 'Electric Toothbrush', 'Smart sonic toothbrush Brand: Philips', 89.99, 90, 4.6, 38, 175, 70),
(7004, 1, 106, 'Intimate Care Set', 'Personal care essentials Brand: Durex', 39.99, 150, 4.4, 42, 185, 120),
(8001, 2, 110, 'Leather Seat Cover Set', 'Premium leather car seat covers Brand: AutoPro', 129.99, 60, 4.5, 28, 126, 45),
(8002, 1, 111, '4K Dash Camera', 'High resolution dash cam with night vision Brand: VANTRUE', 199.99, 40, 4.7, 22, 103, 30),
(8003, 2, 112, 'Motorcycle Helmet', 'DOT certified safety helmet Brand: Bell', 199.99, 30, 4.8, 25, 120, 20),
(8004, 1, 113, 'Car GPS Navigator', '7-inch touchscreen GPS Brand: Garmin', 149.99, 45, 4.6, 32, 147, 35),
(9001, 2, 117, 'Organic Fruit Basket', 'Selection of seasonal organic fruits Brand: Organic Farms', 49.99, 30, 4.7, 18, 85, 25),
(9002, 2, 118, 'Gourmet Pasta Set', 'Italian pasta variety pack Brand: Barilla', 29.99, 100, 4.5, 35, 158, 80),
(9003, 2, 119, 'Premium Coffee Set', 'Specialty coffee collection Brand: Starbucks', 59.99, 120, 4.6, 42, 193, 90),
(9004, 2, 120, 'Gourmet Nuts Selection', 'Mixed premium nuts Brand: Planters', 34.99, 200, 4.5, 45, 203, 150),
(10001, 1, 125, 'Best Selling Novel Collection', 'Set of 5 bestselling novels Brand: Penguin Books', 89.99, 50, 4.7, 28, 132, 35),
(10002, 2, 126, 'Self-Development Book Set', 'Popular self-help book collection Brand: Harper Collins', 69.99, 40, 4.6, 25, 115, 30),
(10003, 2, 128, '4K Movie Collection', 'Premium movie box set Brand: Universal Pictures', 79.99, 70, 4.5, 35, 158, 55),
(10004, 1, 130, 'Vinyl Record Collection', 'Classic rock vinyl set Brand: Sony Music', 129.99, 40, 4.8, 22, 106, 30),
(11001, 1, 134, 'Premium Fountain Pen Set', 'Luxury writing instruments collection Brand: Mont Blanc', 129.99, 30, 4.7, 18, 85, 25),
(11002, 1, 135, 'Color LaserJet Printer', 'Professional office printer Brand: HP', 399.99, 25, 4.6, 22, 101, 20),
(11003, 1, 136, 'Ergonomic Office Chair', 'Premium mesh office chair Brand: Herman Miller', 299.99, 25, 4.8, 28, 134, 20),
(11004, 1, 137, 'Video Conference Camera', 'HD webcam with microphone Brand: Logitech', 199.99, 40, 4.7, 25, 118, 30),
(12001, 2, 141, 'Premium Dog Food 15kg', 'High-quality dry dog food Brand: Royal Canin', 79.99, 100, 4.6, 45, 207, 75),
(12002, 2, 142, 'Cat Tree Condo', 'Large cat climbing tower Brand: PetPals', 149.99, 40, 4.7, 28, 132, 30),
(12003, 1, 143, 'Large Bird Cage', 'Spacious parrot cage Brand: Prevue Pet', 199.99, 20, 4.5, 15, 68, 15),
(12004, 1, 144, 'Aquarium Starter Kit', 'Complete 20-gallon setup Brand: Tetra', 149.99, 30, 4.6, 22, 101, 25),
(13001, 2, 148, 'Diamond Pendant Necklace', '18K gold diamond necklace Brand: Tiffany & Co', 999.99, 10, 4.9, 15, 74, 8),
(13002, 2, 149, 'Stainless Steel Watch', 'Premium mens watch Brand: Fossil', 299.99, 30, 4.7, 25, 118, 25),
(13003, 1, 151, 'Luxury Chronograph Watch', 'Swiss-made automatic watch Brand: TAG Heuer', 1499.99, 15, 4.8, 18, 86, 12),
(13004, 2, 152, 'Rose Gold Watch', 'Elegant women''s timepiece Brand: Michael Kors', 899.99, 25, 4.7, 22, 103, 20),
(14001, 1, 156, 'Digital Microscope', 'Professional USB microscope Brand: AmScope', 799.99, 15, 4.6, 18, 83, 12),
(14002, 1, 157, 'Safety Gear Set', 'Complete workplace safety kit Brand: 3M', 199.99, 50, 4.7, 28, 132, 35),
(14003, 1, 158, 'Industrial Face Masks', 'N95 protective masks 50pc Brand: 3M', 49.99, 200, 4.5, 45, 203, 150),
(14004, 2, 159, 'Digital Caliper', 'Precision measuring tool Brand: Mitutoyo', 79.99, 40, 4.6, 25, 115, 30),
(15001, 1, 161, 'Hardshell Spinner Luggage', 'Durable travel suitcase Brand: Samsonite', 199.99, 60, 4.7, 35, 165, 45),
(15002, 2, 162, 'Travel Backpack 40L', 'Anti-theft travel backpack Brand: SwissGear', 129.99, 80, 4.6, 42, 193, 60),
(15003, 1, 163, 'Travel Adapter Set', 'Universal power adapter Brand: EPICKA', 29.99, 150, 4.5, 45, 203, 120),
(15004, 2, 164, 'Travel Toiletry Kit', 'Complete grooming essentials Brand: Victorinox', 39.99, 100, 4.6, 35, 161, 75);

-- Product Images from product_imgs.csv
INSERT INTO product_images (image_id, product_id, image_url, is_primary)
VALUES
(1, 1001, 'https://images.unsplash.com/photo-1632661674596-618be0e9d160?w=500', true),
(2, 1002, 'https://images.unsplash.com/photo-1610945415295-d9bbf067e59c?w=500', true),
(3, 1003, 'https://images.unsplash.com/photo-1517336714731-489689fd1ca8?w=500', true),
(4, 1004, 'https://images.unsplash.com/photo-1593642634524-b40b5baae6bb?w=500', true),
(5, 1005, 'https://images.unsplash.com/photo-1593784991095-a205069470b6?w=500', true),
(6, 1006, 'https://images.unsplash.com/photo-1505740420928-5e560c06d30e?w=500', true),
(7, 2001, 'https://images.unsplash.com/photo-1572804013309-59a88b7e92f1?w=500', true),
(8, 2002, 'https://images.unsplash.com/photo-1541099649105-f69ad21f3246?w=500', true),
(9, 2003, 'https://images.unsplash.com/photo-1598033129183-c4f50c736f10?w=500', true),
(10, 2004, 'https://images.unsplash.com/photo-1507679799987-c73779587ccf?w=500', true),
(11, 2005, 'https://images.unsplash.com/photo-1543163521-1bf539c55dd2?w=500', true),
(12, 2006, 'https://images.unsplash.com/photo-1614252235316-8c857d38b5f4?w=500', true),
(13, 3001, 'https://images.unsplash.com/photo-1555041469-a586c61ea9bc?w=500', true),
(14, 3002, 'https://images.unsplash.com/photo-1533090481720-856c6e3c1fdc?w=500', true),
(15, 3003, 'https://images.unsplash.com/photo-1524484485331-a920e742ae05?w=500', true),
(16, 3004, 'https://images.unsplash.com/photo-1571624436279-b272aff752b5?w=500', true),
(17, 3005, 'https://images.unsplash.com/photo-1584284766765-adb4e225b893?w=500', true),
(18, 3006, 'https://images.unsplash.com/photo-1603199506016-b9a594b593c0?w=500', true),
(19, 4001, 'https://images.unsplash.com/photo-1586495777744-4413f21062fa?w=500', true),
(20, 4002, 'https://images.unsplash.com/photo-1600852306771-c963331f6ed9?w=500', true),
(21, 4003, 'https://images.unsplash.com/photo-1620916566398-39f1143ab7be?w=500', true),
(22, 4004, 'https://images.unsplash.com/photo-1596755389378-c31d21fd1273?w=500', true),
(23, 4007, 'https://images.unsplash.com/photo-1541643600914-78b084683601?w=500', true),
(24, 4008, 'https://images.unsplash.com/photo-1567721913486-6585f069b332?w=500', true),
(25, 5001, 'https://images.unsplash.com/photo-1576678927484-cc907957088c?w=500', true),
(26, 5002, 'https://images.unsplash.com/photo-1586401100295-7a5093aa7f9f?w=500', true),
(27, 5005, 'https://images.unsplash.com/photo-1542291026-7eec264c27ff?w=500', true),
(28, 5006, 'https://images.unsplash.com/photo-1560769629-975ec94e6a86?w=500', true),
(29, 6001, 'https://images.unsplash.com/photo-1591088398332-8a7791972843?w=500', true),
(30, 6002, 'https://images.unsplash.com/photo-1591324535489-9c78376631dc?w=500', true),
(31, 6003, 'https://images.unsplash.com/photo-1545558014-8692077e9b5c?w=500', true),
(32, 6004, 'https://images.unsplash.com/photo-1608889825271-9696283ab804?w=500', true),
(33, 6005, 'https://images.unsplash.com/photo-1596461404969-9ae70f2830c1?w=500', true),
(34, 6006, 'https://images.unsplash.com/photo-1632501641765-e568d28b0015?w=500', true),
(35, 7001, 'https://images.unsplash.com/photo-1584634731339-252c581abfc5?w=500', true),
(36, 7002, 'https://images.unsplash.com/photo-1603398938378-e54eab446dde?w=500', true),
(37, 7003, 'https://images.unsplash.com/photo-1559591937-abc3a5d51b93?w=500', true),
(38, 7004, 'https://images.unsplash.com/photo-1584473457493-17c504be510f?w=500', true),
(39, 8001, 'https://images.unsplash.com/photo-1618843479313-40f8afb4b4d8?w=500', true),
(40, 8002, 'https://images.unsplash.com/photo-1617788138017-80ad40651399?w=500', true),
(41, 8003, 'https://images.unsplash.com/photo-1591378603223-e15b45a81640?w=500', true),
(42, 8004, 'https://images.unsplash.com/photo-1619615713569-696192aa3766?w=500', true),
(43, 9001, 'https://images.unsplash.com/photo-1610832958506-aa56368176cf?w=500', true),
(44, 9002, 'https://images.unsplash.com/photo-1551462147-37885dee2088?w=500', true),
(45, 9003, 'https://images.unsplash.com/photo-1559056199-641a0ac8b55e?w=500', true),
(46, 9004, 'https://images.unsplash.com/photo-1599599810694-b5b37304c041?w=500', true),
(47, 10001, 'https://images.unsplash.com/photo-1512820790803-83ca734da794?w=500', true),
(48, 10002, 'https://images.unsplash.com/photo-1544716278-ca5e3f4abd8c?w=500', true),
(49, 10003, 'https://images.unsplash.com/photo-1536440136628-849c177e76a1?w=500', true),
(50, 10004, 'https://images.unsplash.com/photo-1603732551658-5fabbafa84eb?w=500', true),
(51, 11001, 'https://images.unsplash.com/photo-1585336261022-680e295ce3fe?w=500', true),
(52, 11002, 'https://images.unsplash.com/photo-1612815154858-60aa4c59eaa6?w=500', true),
(53, 11003, 'https://images.unsplash.com/photo-1589884629038-b631346a23c0?w=500', true),
(54, 11004, 'https://images.unsplash.com/photo-1596566762488-3d67e8b0c661?w=500', true),
(55, 12001, 'https://images.unsplash.com/photo-1568640347023-a616a30bc3bd?w=500', true),
(56, 12002, 'https://images.unsplash.com/photo-1541781774459-bb2af2f05b55?w=500', true),
(57, 12003, 'https://images.unsplash.com/photo-1604848698030-c434ba08ece1?w=500', true),
(58, 12004, 'https://images.unsplash.com/photo-1522069169874-c58ec4b76be5?w=500', true),
(59, 13001, 'https://images.unsplash.com/photo-1515562141207-7a88fb7ce338?w=500', true),
(60, 13002, 'https://images.unsplash.com/photo-1524592094714-0f0654e20314?w=500', true),
(61, 13003, 'https://images.unsplash.com/photo-1547996160-81dfa63595aa?w=500', true),
(62, 13004, 'https://images.unsplash.com/photo-1523170335258-f5ed11844a49?w=500', true),
(63, 14001, 'https://images.unsplash.com/photo-1582719478250-c89cae4dc85b?w=500', true),
(64, 14002, 'https://images.unsplash.com/photo-1604328698692-f76ea9498e76?w=500', true),
(65, 14003, 'https://images.unsplash.com/photo-1584634731339-252c581abfc5?w=500', true),
(66, 14004, 'https://images.unsplash.com/photo-1504917595217-d4dc5ebe6122?w=500', true),
(67, 15001, 'https://images.unsplash.com/photo-1565031491910-e57fac031c41?w=500', true),
(68, 15002, 'https://images.unsplash.com/photo-1553062407-98eeb64c6a45?w=500', true),
(69, 15003, 'https://images.unsplash.com/photo-1484901097220-594e4f5c0b87?w=500', true),
(70, 15004, 'https://images.unsplash.com/photo-1470309864661-68328b2cd0a5?w=500', true);